"Country or Area","Year","Area","Sex","Age","Record Type","Reliability","Source Year","Value","Value Footnotes"
"Tajikistan","2013","Total","Both Sexes","Total","Estimate - de facto","Final figure, complete","2015","8074265.5",""
"Tajikistan","2013","Total","Both Sexes","0","Estimate - de facto","Final figure, complete","2015","210926",""
"Tajikistan","2013","Total","Both Sexes","0 - 4","Estimate - de facto","Final figure, complete","2015","1093185.5",""
"Tajikistan","2013","Total","Both Sexes","1","Estimate - de facto","Final figure, complete","2015","217506.5",""
"Tajikistan","2013","Total","Both Sexes","1 - 4","Estimate - de facto","Final figure, complete","2015","882259.5",""
"Tajikistan","2013","Total","Both Sexes","2","Estimate - de facto","Final figure, complete","2015","228884",""
"Tajikistan","2013","Total","Both Sexes","3","Estimate - de facto","Final figure, complete","2015","226453.5",""
"Tajikistan","2013","Total","Both Sexes","4","Estimate - de facto","Final figure, complete","2015","209415.5",""
"Tajikistan","2013","Total","Both Sexes","5","Estimate - de facto","Final figure, complete","2015","194143.5",""
"Tajikistan","2013","Total","Both Sexes","5 - 9","Estimate - de facto","Final figure, complete","2015","881977.5",""
"Tajikistan","2013","Total","Both Sexes","6","Estimate - de facto","Final figure, complete","2015","178635",""
"Tajikistan","2013","Total","Both Sexes","7","Estimate - de facto","Final figure, complete","2015","172232",""
"Tajikistan","2013","Total","Both Sexes","8","Estimate - de facto","Final figure, complete","2015","170955.5",""
"Tajikistan","2013","Total","Both Sexes","9","Estimate - de facto","Final figure, complete","2015","166011.5",""
"Tajikistan","2013","Total","Both Sexes","10","Estimate - de facto","Final figure, complete","2015","164325",""
"Tajikistan","2013","Total","Both Sexes","10 - 14","Estimate - de facto","Final figure, complete","2015","852724.5",""
"Tajikistan","2013","Total","Both Sexes","11","Estimate - de facto","Final figure, complete","2015","161188.5",""
"Tajikistan","2013","Total","Both Sexes","12","Estimate - de facto","Final figure, complete","2015","170970",""
"Tajikistan","2013","Total","Both Sexes","13","Estimate - de facto","Final figure, complete","2015","181748.5",""
"Tajikistan","2013","Total","Both Sexes","14","Estimate - de facto","Final figure, complete","2015","174492.5",""
"Tajikistan","2013","Total","Both Sexes","15","Estimate - de facto","Final figure, complete","2015","171330",""
"Tajikistan","2013","Total","Both Sexes","15 - 19","Estimate - de facto","Final figure, complete","2015","862908.5",""
"Tajikistan","2013","Total","Both Sexes","16","Estimate - de facto","Final figure, complete","2015","167659",""
"Tajikistan","2013","Total","Both Sexes","17","Estimate - de facto","Final figure, complete","2015","173750.5",""
"Tajikistan","2013","Total","Both Sexes","18","Estimate - de facto","Final figure, complete","2015","181083.5",""
"Tajikistan","2013","Total","Both Sexes","19","Estimate - de facto","Final figure, complete","2015","169085.5",""
"Tajikistan","2013","Total","Both Sexes","20","Estimate - de facto","Final figure, complete","2015","164265",""
"Tajikistan","2013","Total","Both Sexes","20 - 24","Estimate - de facto","Final figure, complete","2015","850284",""
"Tajikistan","2013","Total","Both Sexes","21","Estimate - de facto","Final figure, complete","2015","169322",""
"Tajikistan","2013","Total","Both Sexes","22","Estimate - de facto","Final figure, complete","2015","175504.5",""
"Tajikistan","2013","Total","Both Sexes","23","Estimate - de facto","Final figure, complete","2015","174306.5",""
"Tajikistan","2013","Total","Both Sexes","24","Estimate - de facto","Final figure, complete","2015","166886",""
"Tajikistan","2013","Total","Both Sexes","25","Estimate - de facto","Final figure, complete","2015","166384",""
"Tajikistan","2013","Total","Both Sexes","25 - 29","Estimate - de facto","Final figure, complete","2015","761415.5",""
"Tajikistan","2013","Total","Both Sexes","26","Estimate - de facto","Final figure, complete","2015","162312",""
"Tajikistan","2013","Total","Both Sexes","27","Estimate - de facto","Final figure, complete","2015","154990.5",""
"Tajikistan","2013","Total","Both Sexes","28","Estimate - de facto","Final figure, complete","2015","144073",""
"Tajikistan","2013","Total","Both Sexes","29","Estimate - de facto","Final figure, complete","2015","133656",""
"Tajikistan","2013","Total","Both Sexes","30","Estimate - de facto","Final figure, complete","2015","125928",""
"Tajikistan","2013","Total","Both Sexes","30 - 34","Estimate - de facto","Final figure, complete","2015","566355.5",""
"Tajikistan","2013","Total","Both Sexes","31","Estimate - de facto","Final figure, complete","2015","116950.5",""
"Tajikistan","2013","Total","Both Sexes","32","Estimate - de facto","Final figure, complete","2015","112403.5",""
"Tajikistan","2013","Total","Both Sexes","33","Estimate - de facto","Final figure, complete","2015","109006.5",""
"Tajikistan","2013","Total","Both Sexes","34","Estimate - de facto","Final figure, complete","2015","102067",""
"Tajikistan","2013","Total","Both Sexes","35","Estimate - de facto","Final figure, complete","2015","96106",""
"Tajikistan","2013","Total","Both Sexes","35 - 39","Estimate - de facto","Final figure, complete","2015","461982.5",""
"Tajikistan","2013","Total","Both Sexes","36","Estimate - de facto","Final figure, complete","2015","94142",""
"Tajikistan","2013","Total","Both Sexes","37","Estimate - de facto","Final figure, complete","2015","93201",""
"Tajikistan","2013","Total","Both Sexes","38","Estimate - de facto","Final figure, complete","2015","90738.5",""
"Tajikistan","2013","Total","Both Sexes","39","Estimate - de facto","Final figure, complete","2015","87795",""
"Tajikistan","2013","Total","Both Sexes","40","Estimate - de facto","Final figure, complete","2015","86091.5",""
"Tajikistan","2013","Total","Both Sexes","40 - 44","Estimate - de facto","Final figure, complete","2015","418139",""
"Tajikistan","2013","Total","Both Sexes","41","Estimate - de facto","Final figure, complete","2015","84519",""
"Tajikistan","2013","Total","Both Sexes","42","Estimate - de facto","Final figure, complete","2015","84685.5",""
"Tajikistan","2013","Total","Both Sexes","43","Estimate - de facto","Final figure, complete","2015","82608.5",""
"Tajikistan","2013","Total","Both Sexes","44","Estimate - de facto","Final figure, complete","2015","80234.5",""
"Tajikistan","2013","Total","Both Sexes","45","Estimate - de facto","Final figure, complete","2015","77992",""
"Tajikistan","2013","Total","Both Sexes","45 - 49","Estimate - de facto","Final figure, complete","2015","376222",""
"Tajikistan","2013","Total","Both Sexes","46","Estimate - de facto","Final figure, complete","2015","74480.5",""
"Tajikistan","2013","Total","Both Sexes","47","Estimate - de facto","Final figure, complete","2015","75082.5",""
"Tajikistan","2013","Total","Both Sexes","48","Estimate - de facto","Final figure, complete","2015","74641.5",""
"Tajikistan","2013","Total","Both Sexes","49","Estimate - de facto","Final figure, complete","2015","74025.5",""
"Tajikistan","2013","Total","Both Sexes","50","Estimate - de facto","Final figure, complete","2015","71451.5",""
"Tajikistan","2013","Total","Both Sexes","50 - 54","Estimate - de facto","Final figure, complete","2015","332487",""
"Tajikistan","2013","Total","Both Sexes","51","Estimate - de facto","Final figure, complete","2015","67435",""
"Tajikistan","2013","Total","Both Sexes","52","Estimate - de facto","Final figure, complete","2015","69497.5",""
"Tajikistan","2013","Total","Both Sexes","53","Estimate - de facto","Final figure, complete","2015","66020.5",""
"Tajikistan","2013","Total","Both Sexes","54","Estimate - de facto","Final figure, complete","2015","58082.5",""
"Tajikistan","2013","Total","Both Sexes","55","Estimate - de facto","Final figure, complete","2015","53791.5",""
"Tajikistan","2013","Total","Both Sexes","55 - 59","Estimate - de facto","Final figure, complete","2015","221878.5",""
"Tajikistan","2013","Total","Both Sexes","56","Estimate - de facto","Final figure, complete","2015","48325.5",""
"Tajikistan","2013","Total","Both Sexes","57","Estimate - de facto","Final figure, complete","2015","43575.5",""
"Tajikistan","2013","Total","Both Sexes","58","Estimate - de facto","Final figure, complete","2015","39888",""
"Tajikistan","2013","Total","Both Sexes","59","Estimate - de facto","Final figure, complete","2015","36298",""
"Tajikistan","2013","Total","Both Sexes","60","Estimate - de facto","Final figure, complete","2015","34795",""
"Tajikistan","2013","Total","Both Sexes","60 - 64","Estimate - de facto","Final figure, complete","2015","144133",""
"Tajikistan","2013","Total","Both Sexes","61","Estimate - de facto","Final figure, complete","2015","31342",""
"Tajikistan","2013","Total","Both Sexes","62","Estimate - de facto","Final figure, complete","2015","29317",""
"Tajikistan","2013","Total","Both Sexes","63","Estimate - de facto","Final figure, complete","2015","27256.5",""
"Tajikistan","2013","Total","Both Sexes","64","Estimate - de facto","Final figure, complete","2015","21422.5",""
"Tajikistan","2013","Total","Both Sexes","65","Estimate - de facto","Final figure, complete","2015","20160.5",""
"Tajikistan","2013","Total","Both Sexes","65 - 69","Estimate - de facto","Final figure, complete","2015","74589",""
"Tajikistan","2013","Total","Both Sexes","66","Estimate - de facto","Final figure, complete","2015","17664",""
"Tajikistan","2013","Total","Both Sexes","67","Estimate - de facto","Final figure, complete","2015","14280.5",""
"Tajikistan","2013","Total","Both Sexes","68","Estimate - de facto","Final figure, complete","2015","12024",""
"Tajikistan","2013","Total","Both Sexes","69","Estimate - de facto","Final figure, complete","2015","10460",""
"Tajikistan","2013","Total","Both Sexes","70","Estimate - de facto","Final figure, complete","2015","12843",""
"Tajikistan","2013","Total","Both Sexes","70 - 74","Estimate - de facto","Final figure, complete","2015","73882.5",""
"Tajikistan","2013","Total","Both Sexes","71","Estimate - de facto","Final figure, complete","2015","14781",""
"Tajikistan","2013","Total","Both Sexes","72","Estimate - de facto","Final figure, complete","2015","17046",""
"Tajikistan","2013","Total","Both Sexes","73","Estimate - de facto","Final figure, complete","2015","16082.5",""
"Tajikistan","2013","Total","Both Sexes","74","Estimate - de facto","Final figure, complete","2015","13130",""
"Tajikistan","2013","Total","Both Sexes","75","Estimate - de facto","Final figure, complete","2015","12426",""
"Tajikistan","2013","Total","Both Sexes","75 - 79","Estimate - de facto","Final figure, complete","2015","53256",""
"Tajikistan","2013","Total","Both Sexes","76","Estimate - de facto","Final figure, complete","2015","12067",""
"Tajikistan","2013","Total","Both Sexes","77","Estimate - de facto","Final figure, complete","2015","11216.5",""
"Tajikistan","2013","Total","Both Sexes","78","Estimate - de facto","Final figure, complete","2015","9390",""
"Tajikistan","2013","Total","Both Sexes","79","Estimate - de facto","Final figure, complete","2015","8156.5",""
"Tajikistan","2013","Total","Both Sexes","80","Estimate - de facto","Final figure, complete","2015","8108.5",""
"Tajikistan","2013","Total","Both Sexes","80 - 84","Estimate - de facto","Final figure, complete","2015","31319",""
"Tajikistan","2013","Total","Both Sexes","81","Estimate - de facto","Final figure, complete","2015","6380",""
"Tajikistan","2013","Total","Both Sexes","82","Estimate - de facto","Final figure, complete","2015","6450",""
"Tajikistan","2013","Total","Both Sexes","83","Estimate - de facto","Final figure, complete","2015","5995",""
"Tajikistan","2013","Total","Both Sexes","84","Estimate - de facto","Final figure, complete","2015","4385.5",""
"Tajikistan","2013","Total","Both Sexes","85","Estimate - de facto","Final figure, complete","2015","3916",""
"Tajikistan","2013","Total","Both Sexes","85 - 89","Estimate - de facto","Final figure, complete","2015","13136",""
"Tajikistan","2013","Total","Both Sexes","86","Estimate - de facto","Final figure, complete","2015","2948.5",""
"Tajikistan","2013","Total","Both Sexes","87","Estimate - de facto","Final figure, complete","2015","2497",""
"Tajikistan","2013","Total","Both Sexes","88","Estimate - de facto","Final figure, complete","2015","2152",""
"Tajikistan","2013","Total","Both Sexes","89","Estimate - de facto","Final figure, complete","2015","1622.5",""
"Tajikistan","2013","Total","Both Sexes","90","Estimate - de facto","Final figure, complete","2015","1069.5",""
"Tajikistan","2013","Total","Both Sexes","90 - 94","Estimate - de facto","Final figure, complete","2015","3408",""
"Tajikistan","2013","Total","Both Sexes","91","Estimate - de facto","Final figure, complete","2015","736.5",""
"Tajikistan","2013","Total","Both Sexes","92","Estimate - de facto","Final figure, complete","2015","750.5",""
"Tajikistan","2013","Total","Both Sexes","93","Estimate - de facto","Final figure, complete","2015","595.5",""
"Tajikistan","2013","Total","Both Sexes","94","Estimate - de facto","Final figure, complete","2015","256",""
"Tajikistan","2013","Total","Both Sexes","95","Estimate - de facto","Final figure, complete","2015","201.5",""
"Tajikistan","2013","Total","Both Sexes","95 - 99","Estimate - de facto","Final figure, complete","2015","695.5",""
"Tajikistan","2013","Total","Both Sexes","96","Estimate - de facto","Final figure, complete","2015","138.5",""
"Tajikistan","2013","Total","Both Sexes","97","Estimate - de facto","Final figure, complete","2015","142",""
"Tajikistan","2013","Total","Both Sexes","98","Estimate - de facto","Final figure, complete","2015","118",""
"Tajikistan","2013","Total","Both Sexes","99","Estimate - de facto","Final figure, complete","2015","95.5",""
"Tajikistan","2013","Total","Both Sexes","100 +","Estimate - de facto","Final figure, complete","2015","286.5",""
"Tajikistan","2013","Total","Male","Total","Estimate - de facto","Final figure, complete","2015","4078857",""
"Tajikistan","2013","Total","Male","0","Estimate - de facto","Final figure, complete","2015","109641.5",""
"Tajikistan","2013","Total","Male","0 - 4","Estimate - de facto","Final figure, complete","2015","564735.5",""
"Tajikistan","2013","Total","Male","1","Estimate - de facto","Final figure, complete","2015","112178.5",""
"Tajikistan","2013","Total","Male","1 - 4","Estimate - de facto","Final figure, complete","2015","455094",""
"Tajikistan","2013","Total","Male","2","Estimate - de facto","Final figure, complete","2015","118248",""
"Tajikistan","2013","Total","Male","3","Estimate - de facto","Final figure, complete","2015","116816",""
"Tajikistan","2013","Total","Male","4","Estimate - de facto","Final figure, complete","2015","107851.5",""
"Tajikistan","2013","Total","Male","5","Estimate - de facto","Final figure, complete","2015","99789",""
"Tajikistan","2013","Total","Male","5 - 9","Estimate - de facto","Final figure, complete","2015","453223.5",""
"Tajikistan","2013","Total","Male","6","Estimate - de facto","Final figure, complete","2015","91676",""
"Tajikistan","2013","Total","Male","7","Estimate - de facto","Final figure, complete","2015","88479",""
"Tajikistan","2013","Total","Male","8","Estimate - de facto","Final figure, complete","2015","88082.5",""
"Tajikistan","2013","Total","Male","9","Estimate - de facto","Final figure, complete","2015","85197",""
"Tajikistan","2013","Total","Male","10","Estimate - de facto","Final figure, complete","2015","84115.5",""
"Tajikistan","2013","Total","Male","10 - 14","Estimate - de facto","Final figure, complete","2015","437292.5",""
"Tajikistan","2013","Total","Male","11","Estimate - de facto","Final figure, complete","2015","82772.5",""
"Tajikistan","2013","Total","Male","12","Estimate - de facto","Final figure, complete","2015","87821",""
"Tajikistan","2013","Total","Male","13","Estimate - de facto","Final figure, complete","2015","93241.5",""
"Tajikistan","2013","Total","Male","14","Estimate - de facto","Final figure, complete","2015","89342",""
"Tajikistan","2013","Total","Male","15","Estimate - de facto","Final figure, complete","2015","87549",""
"Tajikistan","2013","Total","Male","15 - 19","Estimate - de facto","Final figure, complete","2015","440389",""
"Tajikistan","2013","Total","Male","16","Estimate - de facto","Final figure, complete","2015","85575.5",""
"Tajikistan","2013","Total","Male","17","Estimate - de facto","Final figure, complete","2015","88530",""
"Tajikistan","2013","Total","Male","18","Estimate - de facto","Final figure, complete","2015","92462",""
"Tajikistan","2013","Total","Male","19","Estimate - de facto","Final figure, complete","2015","86272.5",""
"Tajikistan","2013","Total","Male","20","Estimate - de facto","Final figure, complete","2015","82899.5",""
"Tajikistan","2013","Total","Male","20 - 24","Estimate - de facto","Final figure, complete","2015","428229.5",""
"Tajikistan","2013","Total","Male","21","Estimate - de facto","Final figure, complete","2015","85355.5",""
"Tajikistan","2013","Total","Male","22","Estimate - de facto","Final figure, complete","2015","88918.5",""
"Tajikistan","2013","Total","Male","23","Estimate - de facto","Final figure, complete","2015","87819.5",""
"Tajikistan","2013","Total","Male","24","Estimate - de facto","Final figure, complete","2015","83236.5",""
"Tajikistan","2013","Total","Male","25","Estimate - de facto","Final figure, complete","2015","83137",""
"Tajikistan","2013","Total","Male","25 - 29","Estimate - de facto","Final figure, complete","2015","382375.5",""
"Tajikistan","2013","Total","Male","26","Estimate - de facto","Final figure, complete","2015","81421",""
"Tajikistan","2013","Total","Male","27","Estimate - de facto","Final figure, complete","2015","77766",""
"Tajikistan","2013","Total","Male","28","Estimate - de facto","Final figure, complete","2015","72514.5",""
"Tajikistan","2013","Total","Male","29","Estimate - de facto","Final figure, complete","2015","67537",""
"Tajikistan","2013","Total","Male","30","Estimate - de facto","Final figure, complete","2015","63603.5",""
"Tajikistan","2013","Total","Male","30 - 34","Estimate - de facto","Final figure, complete","2015","286674.5",""
"Tajikistan","2013","Total","Male","31","Estimate - de facto","Final figure, complete","2015","59202.5",""
"Tajikistan","2013","Total","Male","32","Estimate - de facto","Final figure, complete","2015","57165",""
"Tajikistan","2013","Total","Male","33","Estimate - de facto","Final figure, complete","2015","55323",""
"Tajikistan","2013","Total","Male","34","Estimate - de facto","Final figure, complete","2015","51380.5",""
"Tajikistan","2013","Total","Male","35","Estimate - de facto","Final figure, complete","2015","48257",""
"Tajikistan","2013","Total","Male","35 - 39","Estimate - de facto","Final figure, complete","2015","230478",""
"Tajikistan","2013","Total","Male","36","Estimate - de facto","Final figure, complete","2015","47159.5",""
"Tajikistan","2013","Total","Male","37","Estimate - de facto","Final figure, complete","2015","46408",""
"Tajikistan","2013","Total","Male","38","Estimate - de facto","Final figure, complete","2015","45176.5",""
"Tajikistan","2013","Total","Male","39","Estimate - de facto","Final figure, complete","2015","43477",""
"Tajikistan","2013","Total","Male","40","Estimate - de facto","Final figure, complete","2015","42474",""
"Tajikistan","2013","Total","Male","40 - 44","Estimate - de facto","Final figure, complete","2015","206327.5",""
"Tajikistan","2013","Total","Male","41","Estimate - de facto","Final figure, complete","2015","41740.5",""
"Tajikistan","2013","Total","Male","42","Estimate - de facto","Final figure, complete","2015","41900.5",""
"Tajikistan","2013","Total","Male","43","Estimate - de facto","Final figure, complete","2015","40809.5",""
"Tajikistan","2013","Total","Male","44","Estimate - de facto","Final figure, complete","2015","39403",""
"Tajikistan","2013","Total","Male","45","Estimate - de facto","Final figure, complete","2015","38313.5",""
"Tajikistan","2013","Total","Male","45 - 49","Estimate - de facto","Final figure, complete","2015","184234",""
"Tajikistan","2013","Total","Male","46","Estimate - de facto","Final figure, complete","2015","36517",""
"Tajikistan","2013","Total","Male","47","Estimate - de facto","Final figure, complete","2015","36746",""
"Tajikistan","2013","Total","Male","48","Estimate - de facto","Final figure, complete","2015","36445",""
"Tajikistan","2013","Total","Male","49","Estimate - de facto","Final figure, complete","2015","36212.5",""
"Tajikistan","2013","Total","Male","50","Estimate - de facto","Final figure, complete","2015","35160",""
"Tajikistan","2013","Total","Male","50 - 54","Estimate - de facto","Final figure, complete","2015","163910",""
"Tajikistan","2013","Total","Male","51","Estimate - de facto","Final figure, complete","2015","33207.5",""
"Tajikistan","2013","Total","Male","52","Estimate - de facto","Final figure, complete","2015","34317.5",""
"Tajikistan","2013","Total","Male","53","Estimate - de facto","Final figure, complete","2015","32655.5",""
"Tajikistan","2013","Total","Male","54","Estimate - de facto","Final figure, complete","2015","28569.5",""
"Tajikistan","2013","Total","Male","55","Estimate - de facto","Final figure, complete","2015","26338.5",""
"Tajikistan","2013","Total","Male","55 - 59","Estimate - de facto","Final figure, complete","2015","108531.5",""
"Tajikistan","2013","Total","Male","56","Estimate - de facto","Final figure, complete","2015","23652",""
"Tajikistan","2013","Total","Male","57","Estimate - de facto","Final figure, complete","2015","21348",""
"Tajikistan","2013","Total","Male","58","Estimate - de facto","Final figure, complete","2015","19539",""
"Tajikistan","2013","Total","Male","59","Estimate - de facto","Final figure, complete","2015","17654",""
"Tajikistan","2013","Total","Male","60","Estimate - de facto","Final figure, complete","2015","16786",""
"Tajikistan","2013","Total","Male","60 - 64","Estimate - de facto","Final figure, complete","2015","69787.5",""
"Tajikistan","2013","Total","Male","61","Estimate - de facto","Final figure, complete","2015","15127",""
"Tajikistan","2013","Total","Male","62","Estimate - de facto","Final figure, complete","2015","14247.5",""
"Tajikistan","2013","Total","Male","63","Estimate - de facto","Final figure, complete","2015","13290",""
"Tajikistan","2013","Total","Male","64","Estimate - de facto","Final figure, complete","2015","10337",""
"Tajikistan","2013","Total","Male","65","Estimate - de facto","Final figure, complete","2015","9839.5",""
"Tajikistan","2013","Total","Male","65 - 69","Estimate - de facto","Final figure, complete","2015","37799",""
"Tajikistan","2013","Total","Male","66","Estimate - de facto","Final figure, complete","2015","8818",""
"Tajikistan","2013","Total","Male","67","Estimate - de facto","Final figure, complete","2015","7241.5",""
"Tajikistan","2013","Total","Male","68","Estimate - de facto","Final figure, complete","2015","6276.5",""
"Tajikistan","2013","Total","Male","69","Estimate - de facto","Final figure, complete","2015","5623.5",""
"Tajikistan","2013","Total","Male","70","Estimate - de facto","Final figure, complete","2015","6864",""
"Tajikistan","2013","Total","Male","70 - 74","Estimate - de facto","Final figure, complete","2015","37494.5",""
"Tajikistan","2013","Total","Male","71","Estimate - de facto","Final figure, complete","2015","7689",""
"Tajikistan","2013","Total","Male","72","Estimate - de facto","Final figure, complete","2015","8471.5",""
"Tajikistan","2013","Total","Male","73","Estimate - de facto","Final figure, complete","2015","7924.5",""
"Tajikistan","2013","Total","Male","74","Estimate - de facto","Final figure, complete","2015","6545.5",""
"Tajikistan","2013","Total","Male","75","Estimate - de facto","Final figure, complete","2015","6091.5",""
"Tajikistan","2013","Total","Male","75 - 79","Estimate - de facto","Final figure, complete","2015","25172.5",""
"Tajikistan","2013","Total","Male","76","Estimate - de facto","Final figure, complete","2015","5763.5",""
"Tajikistan","2013","Total","Male","77","Estimate - de facto","Final figure, complete","2015","5263",""
"Tajikistan","2013","Total","Male","78","Estimate - de facto","Final figure, complete","2015","4325",""
"Tajikistan","2013","Total","Male","79","Estimate - de facto","Final figure, complete","2015","3729.5",""
"Tajikistan","2013","Total","Male","80","Estimate - de facto","Final figure, complete","2015","3645",""
"Tajikistan","2013","Total","Male","80 - 84","Estimate - de facto","Final figure, complete","2015","14481.5",""
"Tajikistan","2013","Total","Male","81","Estimate - de facto","Final figure, complete","2015","2920.5",""
"Tajikistan","2013","Total","Male","82","Estimate - de facto","Final figure, complete","2015","2903.5",""
"Tajikistan","2013","Total","Male","83","Estimate - de facto","Final figure, complete","2015","2764",""
"Tajikistan","2013","Total","Male","84","Estimate - de facto","Final figure, complete","2015","2248.5",""
"Tajikistan","2013","Total","Male","85","Estimate - de facto","Final figure, complete","2015","1975.5",""
"Tajikistan","2013","Total","Male","85 - 89","Estimate - de facto","Final figure, complete","2015","6090.5",""
"Tajikistan","2013","Total","Male","86","Estimate - de facto","Final figure, complete","2015","1478",""
"Tajikistan","2013","Total","Male","87","Estimate - de facto","Final figure, complete","2015","1115.5",""
"Tajikistan","2013","Total","Male","88","Estimate - de facto","Final figure, complete","2015","863.5",""
"Tajikistan","2013","Total","Male","89","Estimate - de facto","Final figure, complete","2015","658",""
"Tajikistan","2013","Total","Male","90","Estimate - de facto","Final figure, complete","2015","443",""
"Tajikistan","2013","Total","Male","90 - 94","Estimate - de facto","Final figure, complete","2015","1300.5",""
"Tajikistan","2013","Total","Male","91","Estimate - de facto","Final figure, complete","2015","314",""
"Tajikistan","2013","Total","Male","92","Estimate - de facto","Final figure, complete","2015","252.5",""
"Tajikistan","2013","Total","Male","93","Estimate - de facto","Final figure, complete","2015","192.5",""
"Tajikistan","2013","Total","Male","94","Estimate - de facto","Final figure, complete","2015","98.5",""
"Tajikistan","2013","Total","Male","95","Estimate - de facto","Final figure, complete","2015","75",""
"Tajikistan","2013","Total","Male","95 - 99","Estimate - de facto","Final figure, complete","2015","261.5",""
"Tajikistan","2013","Total","Male","96","Estimate - de facto","Final figure, complete","2015","46.5",""
"Tajikistan","2013","Total","Male","97","Estimate - de facto","Final figure, complete","2015","48",""
"Tajikistan","2013","Total","Male","98","Estimate - de facto","Final figure, complete","2015","49",""
"Tajikistan","2013","Total","Male","99","Estimate - de facto","Final figure, complete","2015","43",""
"Tajikistan","2013","Total","Male","100 +","Estimate - de facto","Final figure, complete","2015","68.5",""
"Tajikistan","2013","Total","Female","Total","Estimate - de facto","Final figure, complete","2015","3995408.5",""
"Tajikistan","2013","Total","Female","0","Estimate - de facto","Final figure, complete","2015","101284.5",""
"Tajikistan","2013","Total","Female","0 - 4","Estimate - de facto","Final figure, complete","2015","528450",""
"Tajikistan","2013","Total","Female","1","Estimate - de facto","Final figure, complete","2015","105328",""
"Tajikistan","2013","Total","Female","1 - 4","Estimate - de facto","Final figure, complete","2015","427165.5",""
"Tajikistan","2013","Total","Female","2","Estimate - de facto","Final figure, complete","2015","110636",""
"Tajikistan","2013","Total","Female","3","Estimate - de facto","Final figure, complete","2015","109637.5",""
"Tajikistan","2013","Total","Female","4","Estimate - de facto","Final figure, complete","2015","101564",""
"Tajikistan","2013","Total","Female","5","Estimate - de facto","Final figure, complete","2015","94354.5",""
"Tajikistan","2013","Total","Female","5 - 9","Estimate - de facto","Final figure, complete","2015","428754",""
"Tajikistan","2013","Total","Female","6","Estimate - de facto","Final figure, complete","2015","86959",""
"Tajikistan","2013","Total","Female","7","Estimate - de facto","Final figure, complete","2015","83753",""
"Tajikistan","2013","Total","Female","8","Estimate - de facto","Final figure, complete","2015","82873",""
"Tajikistan","2013","Total","Female","9","Estimate - de facto","Final figure, complete","2015","80814.5",""
"Tajikistan","2013","Total","Female","10","Estimate - de facto","Final figure, complete","2015","80209.5",""
"Tajikistan","2013","Total","Female","10 - 14","Estimate - de facto","Final figure, complete","2015","415432",""
"Tajikistan","2013","Total","Female","11","Estimate - de facto","Final figure, complete","2015","78416",""
"Tajikistan","2013","Total","Female","12","Estimate - de facto","Final figure, complete","2015","83149",""
"Tajikistan","2013","Total","Female","13","Estimate - de facto","Final figure, complete","2015","88507",""
"Tajikistan","2013","Total","Female","14","Estimate - de facto","Final figure, complete","2015","85150.5",""
"Tajikistan","2013","Total","Female","15","Estimate - de facto","Final figure, complete","2015","83781",""
"Tajikistan","2013","Total","Female","15 - 19","Estimate - de facto","Final figure, complete","2015","422519.5",""
"Tajikistan","2013","Total","Female","16","Estimate - de facto","Final figure, complete","2015","82083.5",""
"Tajikistan","2013","Total","Female","17","Estimate - de facto","Final figure, complete","2015","85220.5",""
"Tajikistan","2013","Total","Female","18","Estimate - de facto","Final figure, complete","2015","88621.5",""
"Tajikistan","2013","Total","Female","19","Estimate - de facto","Final figure, complete","2015","82813",""
"Tajikistan","2013","Total","Female","20","Estimate - de facto","Final figure, complete","2015","81365.5",""
"Tajikistan","2013","Total","Female","20 - 24","Estimate - de facto","Final figure, complete","2015","422054.5",""
"Tajikistan","2013","Total","Female","21","Estimate - de facto","Final figure, complete","2015","83966.5",""
"Tajikistan","2013","Total","Female","22","Estimate - de facto","Final figure, complete","2015","86586",""
"Tajikistan","2013","Total","Female","23","Estimate - de facto","Final figure, complete","2015","86487",""
"Tajikistan","2013","Total","Female","24","Estimate - de facto","Final figure, complete","2015","83649.5",""
"Tajikistan","2013","Total","Female","25","Estimate - de facto","Final figure, complete","2015","83247",""
"Tajikistan","2013","Total","Female","25 - 29","Estimate - de facto","Final figure, complete","2015","379040",""
"Tajikistan","2013","Total","Female","26","Estimate - de facto","Final figure, complete","2015","80891",""
"Tajikistan","2013","Total","Female","27","Estimate - de facto","Final figure, complete","2015","77224.5",""
"Tajikistan","2013","Total","Female","28","Estimate - de facto","Final figure, complete","2015","71558.5",""
"Tajikistan","2013","Total","Female","29","Estimate - de facto","Final figure, complete","2015","66119",""
"Tajikistan","2013","Total","Female","30","Estimate - de facto","Final figure, complete","2015","62324.5",""
"Tajikistan","2013","Total","Female","30 - 34","Estimate - de facto","Final figure, complete","2015","279681",""
"Tajikistan","2013","Total","Female","31","Estimate - de facto","Final figure, complete","2015","57748",""
"Tajikistan","2013","Total","Female","32","Estimate - de facto","Final figure, complete","2015","55238.5",""
"Tajikistan","2013","Total","Female","33","Estimate - de facto","Final figure, complete","2015","53683.5",""
"Tajikistan","2013","Total","Female","34","Estimate - de facto","Final figure, complete","2015","50686.5",""
"Tajikistan","2013","Total","Female","35","Estimate - de facto","Final figure, complete","2015","47849",""
"Tajikistan","2013","Total","Female","35 - 39","Estimate - de facto","Final figure, complete","2015","231504.5",""
"Tajikistan","2013","Total","Female","36","Estimate - de facto","Final figure, complete","2015","46982.5",""
"Tajikistan","2013","Total","Female","37","Estimate - de facto","Final figure, complete","2015","46793",""
"Tajikistan","2013","Total","Female","38","Estimate - de facto","Final figure, complete","2015","45562",""
"Tajikistan","2013","Total","Female","39","Estimate - de facto","Final figure, complete","2015","44318",""
"Tajikistan","2013","Total","Female","40","Estimate - de facto","Final figure, complete","2015","43617.5",""
"Tajikistan","2013","Total","Female","40 - 44","Estimate - de facto","Final figure, complete","2015","211811.5",""
"Tajikistan","2013","Total","Female","41","Estimate - de facto","Final figure, complete","2015","42778.5",""
"Tajikistan","2013","Total","Female","42","Estimate - de facto","Final figure, complete","2015","42785",""
"Tajikistan","2013","Total","Female","43","Estimate - de facto","Final figure, complete","2015","41799",""
"Tajikistan","2013","Total","Female","44","Estimate - de facto","Final figure, complete","2015","40831.5",""
"Tajikistan","2013","Total","Female","45","Estimate - de facto","Final figure, complete","2015","39678.5",""
"Tajikistan","2013","Total","Female","45 - 49","Estimate - de facto","Final figure, complete","2015","191988",""
"Tajikistan","2013","Total","Female","46","Estimate - de facto","Final figure, complete","2015","37963.5",""
"Tajikistan","2013","Total","Female","47","Estimate - de facto","Final figure, complete","2015","38336.5",""
"Tajikistan","2013","Total","Female","48","Estimate - de facto","Final figure, complete","2015","38196.5",""
"Tajikistan","2013","Total","Female","49","Estimate - de facto","Final figure, complete","2015","37813",""
"Tajikistan","2013","Total","Female","50","Estimate - de facto","Final figure, complete","2015","36291.5",""
"Tajikistan","2013","Total","Female","50 - 54","Estimate - de facto","Final figure, complete","2015","168577",""
"Tajikistan","2013","Total","Female","51","Estimate - de facto","Final figure, complete","2015","34227.5",""
"Tajikistan","2013","Total","Female","52","Estimate - de facto","Final figure, complete","2015","35180",""
"Tajikistan","2013","Total","Female","53","Estimate - de facto","Final figure, complete","2015","33365",""
"Tajikistan","2013","Total","Female","54","Estimate - de facto","Final figure, complete","2015","29513",""
"Tajikistan","2013","Total","Female","55","Estimate - de facto","Final figure, complete","2015","27453",""
"Tajikistan","2013","Total","Female","55 - 59","Estimate - de facto","Final figure, complete","2015","113347",""
"Tajikistan","2013","Total","Female","56","Estimate - de facto","Final figure, complete","2015","24673.5",""
"Tajikistan","2013","Total","Female","57","Estimate - de facto","Final figure, complete","2015","22227.5",""
"Tajikistan","2013","Total","Female","58","Estimate - de facto","Final figure, complete","2015","20349",""
"Tajikistan","2013","Total","Female","59","Estimate - de facto","Final figure, complete","2015","18644",""
"Tajikistan","2013","Total","Female","60","Estimate - de facto","Final figure, complete","2015","18009",""
"Tajikistan","2013","Total","Female","60 - 64","Estimate - de facto","Final figure, complete","2015","74345.5",""
"Tajikistan","2013","Total","Female","61","Estimate - de facto","Final figure, complete","2015","16215",""
"Tajikistan","2013","Total","Female","62","Estimate - de facto","Final figure, complete","2015","15069.5",""
"Tajikistan","2013","Total","Female","63","Estimate - de facto","Final figure, complete","2015","13966.5",""
"Tajikistan","2013","Total","Female","64","Estimate - de facto","Final figure, complete","2015","11085.5",""
"Tajikistan","2013","Total","Female","65","Estimate - de facto","Final figure, complete","2015","10321",""
"Tajikistan","2013","Total","Female","65 - 69","Estimate - de facto","Final figure, complete","2015","36790",""
"Tajikistan","2013","Total","Female","66","Estimate - de facto","Final figure, complete","2015","8846",""
"Tajikistan","2013","Total","Female","67","Estimate - de facto","Final figure, complete","2015","7039",""
"Tajikistan","2013","Total","Female","68","Estimate - de facto","Final figure, complete","2015","5747.5",""
"Tajikistan","2013","Total","Female","69","Estimate - de facto","Final figure, complete","2015","4836.5",""
"Tajikistan","2013","Total","Female","70","Estimate - de facto","Final figure, complete","2015","5979",""
"Tajikistan","2013","Total","Female","70 - 74","Estimate - de facto","Final figure, complete","2015","36388",""
"Tajikistan","2013","Total","Female","71","Estimate - de facto","Final figure, complete","2015","7092",""
"Tajikistan","2013","Total","Female","72","Estimate - de facto","Final figure, complete","2015","8574.5",""
"Tajikistan","2013","Total","Female","73","Estimate - de facto","Final figure, complete","2015","8158",""
"Tajikistan","2013","Total","Female","74","Estimate - de facto","Final figure, complete","2015","6584.5",""
"Tajikistan","2013","Total","Female","75","Estimate - de facto","Final figure, complete","2015","6334.5",""
"Tajikistan","2013","Total","Female","75 - 79","Estimate - de facto","Final figure, complete","2015","28083.5",""
"Tajikistan","2013","Total","Female","76","Estimate - de facto","Final figure, complete","2015","6303.5",""
"Tajikistan","2013","Total","Female","77","Estimate - de facto","Final figure, complete","2015","5953.5",""
"Tajikistan","2013","Total","Female","78","Estimate - de facto","Final figure, complete","2015","5065",""
"Tajikistan","2013","Total","Female","79","Estimate - de facto","Final figure, complete","2015","4427",""
"Tajikistan","2013","Total","Female","80","Estimate - de facto","Final figure, complete","2015","4463.5",""
"Tajikistan","2013","Total","Female","80 - 84","Estimate - de facto","Final figure, complete","2015","16837.5",""
"Tajikistan","2013","Total","Female","81","Estimate - de facto","Final figure, complete","2015","3459.5",""
"Tajikistan","2013","Total","Female","82","Estimate - de facto","Final figure, complete","2015","3546.5",""
"Tajikistan","2013","Total","Female","83","Estimate - de facto","Final figure, complete","2015","3231",""
"Tajikistan","2013","Total","Female","84","Estimate - de facto","Final figure, complete","2015","2137",""
"Tajikistan","2013","Total","Female","85","Estimate - de facto","Final figure, complete","2015","1940.5",""
"Tajikistan","2013","Total","Female","85 - 89","Estimate - de facto","Final figure, complete","2015","7045.5",""
"Tajikistan","2013","Total","Female","86","Estimate - de facto","Final figure, complete","2015","1470.5",""
"Tajikistan","2013","Total","Female","87","Estimate - de facto","Final figure, complete","2015","1381.5",""
"Tajikistan","2013","Total","Female","88","Estimate - de facto","Final figure, complete","2015","1288.5",""
"Tajikistan","2013","Total","Female","89","Estimate - de facto","Final figure, complete","2015","964.5",""
"Tajikistan","2013","Total","Female","90","Estimate - de facto","Final figure, complete","2015","626.5",""
"Tajikistan","2013","Total","Female","90 - 94","Estimate - de facto","Final figure, complete","2015","2107.5",""
"Tajikistan","2013","Total","Female","91","Estimate - de facto","Final figure, complete","2015","422.5",""
"Tajikistan","2013","Total","Female","92","Estimate - de facto","Final figure, complete","2015","498",""
"Tajikistan","2013","Total","Female","93","Estimate - de facto","Final figure, complete","2015","403",""
"Tajikistan","2013","Total","Female","94","Estimate - de facto","Final figure, complete","2015","157.5",""
"Tajikistan","2013","Total","Female","95","Estimate - de facto","Final figure, complete","2015","126.5",""
"Tajikistan","2013","Total","Female","95 - 99","Estimate - de facto","Final figure, complete","2015","434",""
"Tajikistan","2013","Total","Female","96","Estimate - de facto","Final figure, complete","2015","92",""
"Tajikistan","2013","Total","Female","97","Estimate - de facto","Final figure, complete","2015","94",""
"Tajikistan","2013","Total","Female","98","Estimate - de facto","Final figure, complete","2015","69",""
"Tajikistan","2013","Total","Female","99","Estimate - de facto","Final figure, complete","2015","52.5",""
"Tajikistan","2013","Total","Female","100 +","Estimate - de facto","Final figure, complete","2015","218",""
"Tajikistan","2013","Urban","Both Sexes","Total","Estimate - de facto","Final figure, complete","2015","2138737",""
"Tajikistan","2013","Urban","Both Sexes","0","Estimate - de facto","Final figure, complete","2015","50728",""
"Tajikistan","2013","Urban","Both Sexes","0 - 4","Estimate - de facto","Final figure, complete","2015","258269",""
"Tajikistan","2013","Urban","Both Sexes","1 - 4","Estimate - de facto","Final figure, complete","2015","207541",""
"Tajikistan","2013","Urban","Both Sexes","5 - 9","Estimate - de facto","Final figure, complete","2015","214798.5",""
"Tajikistan","2013","Urban","Both Sexes","10 - 14","Estimate - de facto","Final figure, complete","2015","218100",""
"Tajikistan","2013","Urban","Both Sexes","15 - 19","Estimate - de facto","Final figure, complete","2015","226205",""
"Tajikistan","2013","Urban","Both Sexes","20 - 24","Estimate - de facto","Final figure, complete","2015","251306",""
"Tajikistan","2013","Urban","Both Sexes","25 - 29","Estimate - de facto","Final figure, complete","2015","191921.5",""
"Tajikistan","2013","Urban","Both Sexes","30 - 34","Estimate - de facto","Final figure, complete","2015","147677",""
"Tajikistan","2013","Urban","Both Sexes","35 - 39","Estimate - de facto","Final figure, complete","2015","129567",""
"Tajikistan","2013","Urban","Both Sexes","40 - 44","Estimate - de facto","Final figure, complete","2015","125177",""
"Tajikistan","2013","Urban","Both Sexes","45 - 49","Estimate - de facto","Final figure, complete","2015","110875",""
"Tajikistan","2013","Urban","Both Sexes","50 - 54","Estimate - de facto","Final figure, complete","2015","96415.5",""
"Tajikistan","2013","Urban","Both Sexes","55 - 59","Estimate - de facto","Final figure, complete","2015","63489.5",""
"Tajikistan","2013","Urban","Both Sexes","60 - 64","Estimate - de facto","Final figure, complete","2015","41493.5",""
"Tajikistan","2013","Urban","Both Sexes","65 - 69","Estimate - de facto","Final figure, complete","2015","21392.5",""
"Tajikistan","2013","Urban","Both Sexes","70 - 74","Estimate - de facto","Final figure, complete","2015","19465.5",""
"Tajikistan","2013","Urban","Both Sexes","75 - 79","Estimate - de facto","Final figure, complete","2015","12570",""
"Tajikistan","2013","Urban","Both Sexes","80 - 84","Estimate - de facto","Final figure, complete","2015","6559",""
"Tajikistan","2013","Urban","Both Sexes","85 - 89","Estimate - de facto","Final figure, complete","2015","2617",""
"Tajikistan","2013","Urban","Both Sexes","90 - 94","Estimate - de facto","Final figure, complete","2015","654.5",""
"Tajikistan","2013","Urban","Both Sexes","95 - 99","Estimate - de facto","Final figure, complete","2015","121",""
"Tajikistan","2013","Urban","Both Sexes","100 +","Estimate - de facto","Final figure, complete","2015","63",""
"Tajikistan","2013","Urban","Male","Total","Estimate - de facto","Final figure, complete","2015","1083119",""
"Tajikistan","2013","Urban","Male","0","Estimate - de facto","Final figure, complete","2015","26333.5",""
"Tajikistan","2013","Urban","Male","0 - 4","Estimate - de facto","Final figure, complete","2015","133142.5",""
"Tajikistan","2013","Urban","Male","1 - 4","Estimate - de facto","Final figure, complete","2015","106809",""
"Tajikistan","2013","Urban","Male","5 - 9","Estimate - de facto","Final figure, complete","2015","110510.5",""
"Tajikistan","2013","Urban","Male","10 - 14","Estimate - de facto","Final figure, complete","2015","112424.5",""
"Tajikistan","2013","Urban","Male","15 - 19","Estimate - de facto","Final figure, complete","2015","117950.5",""
"Tajikistan","2013","Urban","Male","20 - 24","Estimate - de facto","Final figure, complete","2015","138871.5",""
"Tajikistan","2013","Urban","Male","25 - 29","Estimate - de facto","Final figure, complete","2015","97452.5",""
"Tajikistan","2013","Urban","Male","30 - 34","Estimate - de facto","Final figure, complete","2015","72813.5",""
"Tajikistan","2013","Urban","Male","35 - 39","Estimate - de facto","Final figure, complete","2015","61303.5",""
"Tajikistan","2013","Urban","Male","40 - 44","Estimate - de facto","Final figure, complete","2015","59476.5",""
"Tajikistan","2013","Urban","Male","45 - 49","Estimate - de facto","Final figure, complete","2015","53255",""
"Tajikistan","2013","Urban","Male","50 - 54","Estimate - de facto","Final figure, complete","2015","46530.5",""
"Tajikistan","2013","Urban","Male","55 - 59","Estimate - de facto","Final figure, complete","2015","30403",""
"Tajikistan","2013","Urban","Male","60 - 64","Estimate - de facto","Final figure, complete","2015","19527",""
"Tajikistan","2013","Urban","Male","65 - 69","Estimate - de facto","Final figure, complete","2015","10287",""
"Tajikistan","2013","Urban","Male","70 - 74","Estimate - de facto","Final figure, complete","2015","9345",""
"Tajikistan","2013","Urban","Male","75 - 79","Estimate - de facto","Final figure, complete","2015","5652.5",""
"Tajikistan","2013","Urban","Male","80 - 84","Estimate - de facto","Final figure, complete","2015","2813",""
"Tajikistan","2013","Urban","Male","85 - 89","Estimate - de facto","Final figure, complete","2015","1025.5",""
"Tajikistan","2013","Urban","Male","90 - 94","Estimate - de facto","Final figure, complete","2015","246.5",""
"Tajikistan","2013","Urban","Male","95 - 99","Estimate - de facto","Final figure, complete","2015","62",""
"Tajikistan","2013","Urban","Male","100 +","Estimate - de facto","Final figure, complete","2015","26.5",""
"Tajikistan","2013","Urban","Female","Total","Estimate - de facto","Final figure, complete","2015","1055618",""
"Tajikistan","2013","Urban","Female","0","Estimate - de facto","Final figure, complete","2015","24394.5",""
"Tajikistan","2013","Urban","Female","0 - 4","Estimate - de facto","Final figure, complete","2015","125126.5",""
"Tajikistan","2013","Urban","Female","1 - 4","Estimate - de facto","Final figure, complete","2015","100732",""
"Tajikistan","2013","Urban","Female","5 - 9","Estimate - de facto","Final figure, complete","2015","104288",""
"Tajikistan","2013","Urban","Female","10 - 14","Estimate - de facto","Final figure, complete","2015","105675.5",""
"Tajikistan","2013","Urban","Female","15 - 19","Estimate - de facto","Final figure, complete","2015","108254.5",""
"Tajikistan","2013","Urban","Female","20 - 24","Estimate - de facto","Final figure, complete","2015","112434.5",""
"Tajikistan","2013","Urban","Female","25 - 29","Estimate - de facto","Final figure, complete","2015","94469",""
"Tajikistan","2013","Urban","Female","30 - 34","Estimate - de facto","Final figure, complete","2015","74863.5",""
"Tajikistan","2013","Urban","Female","35 - 39","Estimate - de facto","Final figure, complete","2015","68263.5",""
"Tajikistan","2013","Urban","Female","40 - 44","Estimate - de facto","Final figure, complete","2015","65700.5",""
"Tajikistan","2013","Urban","Female","45 - 49","Estimate - de facto","Final figure, complete","2015","57620",""
"Tajikistan","2013","Urban","Female","50 - 54","Estimate - de facto","Final figure, complete","2015","49885",""
"Tajikistan","2013","Urban","Female","55 - 59","Estimate - de facto","Final figure, complete","2015","33086.5",""
"Tajikistan","2013","Urban","Female","60 - 64","Estimate - de facto","Final figure, complete","2015","21966.5",""
"Tajikistan","2013","Urban","Female","65 - 69","Estimate - de facto","Final figure, complete","2015","11105.5",""
"Tajikistan","2013","Urban","Female","70 - 74","Estimate - de facto","Final figure, complete","2015","10120.5",""
"Tajikistan","2013","Urban","Female","75 - 79","Estimate - de facto","Final figure, complete","2015","6917.5",""
"Tajikistan","2013","Urban","Female","80 - 84","Estimate - de facto","Final figure, complete","2015","3746",""
"Tajikistan","2013","Urban","Female","85 - 89","Estimate - de facto","Final figure, complete","2015","1591.5",""
"Tajikistan","2013","Urban","Female","90 - 94","Estimate - de facto","Final figure, complete","2015","408",""
"Tajikistan","2013","Urban","Female","95 - 99","Estimate - de facto","Final figure, complete","2015","59",""
"Tajikistan","2013","Urban","Female","100 +","Estimate - de facto","Final figure, complete","2015","36.5",""
"Tajikistan","2013","Rural","Both Sexes","Total","Estimate - de facto","Final figure, complete","2015","5935528.5",""
"Tajikistan","2013","Rural","Both Sexes","0","Estimate - de facto","Final figure, complete","2015","160198",""
"Tajikistan","2013","Rural","Both Sexes","0 - 4","Estimate - de facto","Final figure, complete","2015","834916.5",""
"Tajikistan","2013","Rural","Both Sexes","1 - 4","Estimate - de facto","Final figure, complete","2015","674718.5",""
"Tajikistan","2013","Rural","Both Sexes","5 - 9","Estimate - de facto","Final figure, complete","2015","667179",""
"Tajikistan","2013","Rural","Both Sexes","10 - 14","Estimate - de facto","Final figure, complete","2015","634624.5",""
"Tajikistan","2013","Rural","Both Sexes","15 - 19","Estimate - de facto","Final figure, complete","2015","636703.5",""
"Tajikistan","2013","Rural","Both Sexes","20 - 24","Estimate - de facto","Final figure, complete","2015","598978",""
"Tajikistan","2013","Rural","Both Sexes","25 - 29","Estimate - de facto","Final figure, complete","2015","569494",""
"Tajikistan","2013","Rural","Both Sexes","30 - 34","Estimate - de facto","Final figure, complete","2015","418678.5",""
"Tajikistan","2013","Rural","Both Sexes","35 - 39","Estimate - de facto","Final figure, complete","2015","332415.5",""
"Tajikistan","2013","Rural","Both Sexes","40 - 44","Estimate - de facto","Final figure, complete","2015","292962",""
"Tajikistan","2013","Rural","Both Sexes","45 - 49","Estimate - de facto","Final figure, complete","2015","265347",""
"Tajikistan","2013","Rural","Both Sexes","50 - 54","Estimate - de facto","Final figure, complete","2015","236071.5",""
"Tajikistan","2013","Rural","Both Sexes","55 - 59","Estimate - de facto","Final figure, complete","2015","158389",""
"Tajikistan","2013","Rural","Both Sexes","60 - 64","Estimate - de facto","Final figure, complete","2015","102639.5",""
"Tajikistan","2013","Rural","Both Sexes","65 - 69","Estimate - de facto","Final figure, complete","2015","53196.5",""
"Tajikistan","2013","Rural","Both Sexes","70 - 74","Estimate - de facto","Final figure, complete","2015","54417",""
"Tajikistan","2013","Rural","Both Sexes","75 - 79","Estimate - de facto","Final figure, complete","2015","40686",""
"Tajikistan","2013","Rural","Both Sexes","80 - 84","Estimate - de facto","Final figure, complete","2015","24760",""
"Tajikistan","2013","Rural","Both Sexes","85 - 89","Estimate - de facto","Final figure, complete","2015","10519",""
"Tajikistan","2013","Rural","Both Sexes","90 - 94","Estimate - de facto","Final figure, complete","2015","2753.5",""
"Tajikistan","2013","Rural","Both Sexes","95 - 99","Estimate - de facto","Final figure, complete","2015","574.5",""
"Tajikistan","2013","Rural","Both Sexes","100 +","Estimate - de facto","Final figure, complete","2015","223.5",""
"Tajikistan","2013","Rural","Male","Total","Estimate - de facto","Final figure, complete","2015","2995738",""
"Tajikistan","2013","Rural","Male","0","Estimate - de facto","Final figure, complete","2015","83308",""
"Tajikistan","2013","Rural","Male","0 - 4","Estimate - de facto","Final figure, complete","2015","431593",""
"Tajikistan","2013","Rural","Male","1 - 4","Estimate - de facto","Final figure, complete","2015","348285",""
"Tajikistan","2013","Rural","Male","5 - 9","Estimate - de facto","Final figure, complete","2015","342713",""
"Tajikistan","2013","Rural","Male","10 - 14","Estimate - de facto","Final figure, complete","2015","324868",""
"Tajikistan","2013","Rural","Male","15 - 19","Estimate - de facto","Final figure, complete","2015","322438.5",""
"Tajikistan","2013","Rural","Male","20 - 24","Estimate - de facto","Final figure, complete","2015","289358",""
"Tajikistan","2013","Rural","Male","25 - 29","Estimate - de facto","Final figure, complete","2015","284923",""
"Tajikistan","2013","Rural","Male","30 - 34","Estimate - de facto","Final figure, complete","2015","213861",""
"Tajikistan","2013","Rural","Male","35 - 39","Estimate - de facto","Final figure, complete","2015","169174.5",""
"Tajikistan","2013","Rural","Male","40 - 44","Estimate - de facto","Final figure, complete","2015","146851",""
"Tajikistan","2013","Rural","Male","45 - 49","Estimate - de facto","Final figure, complete","2015","130979",""
"Tajikistan","2013","Rural","Male","50 - 54","Estimate - de facto","Final figure, complete","2015","117379.5",""
"Tajikistan","2013","Rural","Male","55 - 59","Estimate - de facto","Final figure, complete","2015","78128.5",""
"Tajikistan","2013","Rural","Male","60 - 64","Estimate - de facto","Final figure, complete","2015","50260.5",""
"Tajikistan","2013","Rural","Male","65 - 69","Estimate - de facto","Final figure, complete","2015","27512",""
"Tajikistan","2013","Rural","Male","70 - 74","Estimate - de facto","Final figure, complete","2015","28149.5",""
"Tajikistan","2013","Rural","Male","75 - 79","Estimate - de facto","Final figure, complete","2015","19520",""
"Tajikistan","2013","Rural","Male","80 - 84","Estimate - de facto","Final figure, complete","2015","11668.5",""
"Tajikistan","2013","Rural","Male","85 - 89","Estimate - de facto","Final figure, complete","2015","5065",""
"Tajikistan","2013","Rural","Male","90 - 94","Estimate - de facto","Final figure, complete","2015","1054",""
"Tajikistan","2013","Rural","Male","95 - 99","Estimate - de facto","Final figure, complete","2015","199.5",""
"Tajikistan","2013","Rural","Male","100 +","Estimate - de facto","Final figure, complete","2015","42",""
"Tajikistan","2013","Rural","Female","Total","Estimate - de facto","Final figure, complete","2015","2939790.5",""
"Tajikistan","2013","Rural","Female","0","Estimate - de facto","Final figure, complete","2015","76890",""
"Tajikistan","2013","Rural","Female","0 - 4","Estimate - de facto","Final figure, complete","2015","403323.5",""
"Tajikistan","2013","Rural","Female","1 - 4","Estimate - de facto","Final figure, complete","2015","326433.5",""
"Tajikistan","2013","Rural","Female","5 - 9","Estimate - de facto","Final figure, complete","2015","324466",""
"Tajikistan","2013","Rural","Female","10 - 14","Estimate - de facto","Final figure, complete","2015","309756.5",""
"Tajikistan","2013","Rural","Female","15 - 19","Estimate - de facto","Final figure, complete","2015","314265",""
"Tajikistan","2013","Rural","Female","20 - 24","Estimate - de facto","Final figure, complete","2015","309620",""
"Tajikistan","2013","Rural","Female","25 - 29","Estimate - de facto","Final figure, complete","2015","284571",""
"Tajikistan","2013","Rural","Female","30 - 34","Estimate - de facto","Final figure, complete","2015","204817.5",""
"Tajikistan","2013","Rural","Female","35 - 39","Estimate - de facto","Final figure, complete","2015","163241",""
"Tajikistan","2013","Rural","Female","40 - 44","Estimate - de facto","Final figure, complete","2015","146111",""
"Tajikistan","2013","Rural","Female","45 - 49","Estimate - de facto","Final figure, complete","2015","134368",""
"Tajikistan","2013","Rural","Female","50 - 54","Estimate - de facto","Final figure, complete","2015","118692",""
"Tajikistan","2013","Rural","Female","55 - 59","Estimate - de facto","Final figure, complete","2015","80260.5",""
"Tajikistan","2013","Rural","Female","60 - 64","Estimate - de facto","Final figure, complete","2015","52379",""
"Tajikistan","2013","Rural","Female","65 - 69","Estimate - de facto","Final figure, complete","2015","25684.5",""
"Tajikistan","2013","Rural","Female","70 - 74","Estimate - de facto","Final figure, complete","2015","26267.5",""
"Tajikistan","2013","Rural","Female","75 - 79","Estimate - de facto","Final figure, complete","2015","21166",""
"Tajikistan","2013","Rural","Female","80 - 84","Estimate - de facto","Final figure, complete","2015","13091.5",""
"Tajikistan","2013","Rural","Female","85 - 89","Estimate - de facto","Final figure, complete","2015","5454",""
"Tajikistan","2013","Rural","Female","90 - 94","Estimate - de facto","Final figure, complete","2015","1699.5",""
"Tajikistan","2013","Rural","Female","95 - 99","Estimate - de facto","Final figure, complete","2015","375",""
"Tajikistan","2013","Rural","Female","100 +","Estimate - de facto","Final figure, complete","2015","181.5",""

